source,label_id,category_id,class_name,class_slug,prompt,source_crop,synthetic_path,base_model,controlnet_model,seed
synthetic_controlnet_canny,0,89,hair drier,hair_drier,"a realistic high quality photo of hair drier, centered object, natural lighting, detailed",data/crops/train/hair_drier/train_hair_drier_00081_img249764_ann1188165.jpg,data/synthetic_controlnet/train/hair_drier/synthetic_hair_drier_00000.png,runwayml/stable-diffusion-v1-5,lllyasviel/sd-controlnet-canny,42
synthetic_controlnet_canny,0,89,hair drier,hair_drier,"a realistic high quality photo of hair drier, centered object, natural lighting, detailed",data/crops/train/hair_drier/train_hair_drier_00014_img207481_ann1188347.jpg,data/synthetic_controlnet/train/hair_drier/synthetic_hair_drier_00001.png,runwayml/stable-diffusion-v1-5,lllyasviel/sd-controlnet-canny,43
synthetic_controlnet_canny,0,89,hair drier,hair_drier,"a realistic high quality photo of hair drier, centered object, natural lighting, detailed",data/crops/train/hair_drier/train_hair_drier_00003_img116466_ann1163542.jpg,data/synthetic_controlnet/train/hair_drier/synthetic_hair_drier_00002.png,runwayml/stable-diffusion-v1-5,lllyasviel/sd-controlnet-canny,44
synthetic_controlnet_canny,0,89,hair drier,hair_drier,"a realistic high quality photo of hair drier, centered object, natural lighting, detailed",data/crops/train/hair_drier/train_hair_drier_00035_img304125_ann1188177.jpg,data/synthetic_controlnet/train/hair_drier/synthetic_hair_drier_00003.png,runwayml/stable-diffusion-v1-5,lllyasviel/sd-controlnet-canny,45
synthetic_controlnet_canny,0,89,hair drier,hair_drier,"a realistic high quality photo of hair drier, centered object, natural lighting, detailed",data/crops/train/hair_drier/train_hair_drier_00031_img122382_ann2197656.jpg,data/synthetic_controlnet/train/hair_drier/synthetic_hair_drier_00004.png,runwayml/stable-diffusion-v1-5,lllyasviel/sd-controlnet-canny,46
synthetic_controlnet_canny,0,89,hair drier,hair_drier,"a realistic high quality photo of hair drier, centered object, natural lighting, detailed",data/crops/train/hair_drier/train_hair_drier_00028_img375483_ann1188307.jpg,data/synthetic_controlnet/train/hair_drier/synthetic_hair_drier_00005.png,runwayml/stable-diffusion-v1-5,lllyasviel/sd-controlnet-canny,47
synthetic_controlnet_canny,0,89,hair drier,hair_drier,"a realistic high quality photo of hair drier, centered object, natural lighting, detailed",data/crops/train/hair_drier/train_hair_drier_00017_img302838_ann1188362.jpg,data/synthetic_controlnet/train/hair_drier/synthetic_hair_drier_00006.png,runwayml/stable-diffusion-v1-5,lllyasviel/sd-controlnet-canny,48
synthetic_controlnet_canny,0,89,hair drier,hair_drier,"a realistic high quality photo of hair drier, centered object, natural lighting, detailed",data/crops/train/hair_drier/train_hair_drier_00013_img563615_ann1996980.jpg,data/synthetic_controlnet/train/hair_drier/synthetic_hair_drier_00007.png,runwayml/stable-diffusion-v1-5,lllyasviel/sd-controlnet-canny,49
synthetic_controlnet_canny,0,89,hair drier,hair_drier,"a realistic high quality photo of hair drier, centered object, natural lighting, detailed",data/crops/train/hair_drier/train_hair_drier_00086_img6578_ann1188457.jpg,data/synthetic_controlnet/train/hair_drier/synthetic_hair_drier_00008.png,runwayml/stable-diffusion-v1-5,lllyasviel/sd-controlnet-canny,50
synthetic_controlnet_canny,0,89,hair drier,hair_drier,"a realistic high quality photo of hair drier, centered object, natural lighting, detailed",data/crops/train/hair_drier/train_hair_drier_00069_img512292_ann1675984.jpg,data/synthetic_controlnet/train/hair_drier/synthetic_hair_drier_00009.png,runwayml/stable-diffusion-v1-5,lllyasviel/sd-controlnet-canny,51
synthetic_controlnet_canny,0,89,hair drier,hair_drier,"a realistic high quality photo of hair drier, centered object, natural lighting, detailed",data/crops/train/hair_drier/train_hair_drier_00011_img439346_ann1163520.jpg,data/synthetic_controlnet/train/hair_drier/synthetic_hair_drier_00010.png,runwayml/stable-diffusion-v1-5,lllyasviel/sd-controlnet-canny,52
synthetic_controlnet_canny,0,89,hair drier,hair_drier,"a realistic high quality photo of hair drier, centered object, natural lighting, detailed",data/crops/train/hair_drier/train_hair_drier_00075_img127301_ann1188310.jpg,data/synthetic_controlnet/train/hair_drier/synthetic_hair_drier_00011.png,runwayml/stable-diffusion-v1-5,lllyasviel/sd-controlnet-canny,53
synthetic_controlnet_canny,0,89,hair drier,hair_drier,"a realistic high quality photo of hair drier, centered object, natural lighting, detailed",data/crops/train/hair_drier/train_hair_drier_00054_img341865_ann1163501.jpg,data/synthetic_controlnet/train/hair_drier/synthetic_hair_drier_00012.png,runwayml/stable-diffusion-v1-5,lllyasviel/sd-controlnet-canny,54
synthetic_controlnet_canny,0,89,hair drier,hair_drier,"a realistic high quality photo of hair drier, centered object, natural lighting, detailed",data/crops/train/hair_drier/train_hair_drier_00004_img73174_ann2228766.jpg,data/synthetic_controlnet/train/hair_drier/synthetic_hair_drier_00013.png,runwayml/stable-diffusion-v1-5,lllyasviel/sd-controlnet-canny,55
synthetic_controlnet_canny,0,89,hair drier,hair_drier,"a realistic high quality photo of hair drier, centered object, natural lighting, detailed",data/crops/train/hair_drier/train_hair_drier_00003_img116466_ann1163542.jpg,data/synthetic_controlnet/train/hair_drier/synthetic_hair_drier_00014.png,runwayml/stable-diffusion-v1-5,lllyasviel/sd-controlnet-canny,56
synthetic_controlnet_canny,0,89,hair drier,hair_drier,"a realistic high quality photo of hair drier, centered object, natural lighting, detailed",data/crops/train/hair_drier/train_hair_drier_00011_img439346_ann1163520.jpg,data/synthetic_controlnet/train/hair_drier/synthetic_hair_drier_00015.png,runwayml/stable-diffusion-v1-5,lllyasviel/sd-controlnet-canny,57
synthetic_controlnet_canny,0,89,hair drier,hair_drier,"a realistic high quality photo of hair drier, centered object, natural lighting, detailed",data/crops/train/hair_drier/train_hair_drier_00027_img333020_ann1675999.jpg,data/synthetic_controlnet/train/hair_drier/synthetic_hair_drier_00016.png,runwayml/stable-diffusion-v1-5,lllyasviel/sd-controlnet-canny,58
synthetic_controlnet_canny,0,89,hair drier,hair_drier,"a realistic high quality photo of hair drier, centered object, natural lighting, detailed",data/crops/train/hair_drier/train_hair_drier_00029_img233955_ann1675910.jpg,data/synthetic_controlnet/train/hair_drier/synthetic_hair_drier_00017.png,runwayml/stable-diffusion-v1-5,lllyasviel/sd-controlnet-canny,59
synthetic_controlnet_canny,0,89,hair drier,hair_drier,"a realistic high quality photo of hair drier, centered object, natural lighting, detailed",data/crops/train/hair_drier/train_hair_drier_00064_img544408_ann2147766.jpg,data/synthetic_controlnet/train/hair_drier/synthetic_hair_drier_00018.png,runwayml/stable-diffusion-v1-5,lllyasviel/sd-controlnet-canny,60
synthetic_controlnet_canny,0,89,hair drier,hair_drier,"a realistic high quality photo of hair drier, centered object, natural lighting, detailed",data/crops/train/hair_drier/train_hair_drier_00077_img134290_ann1996977.jpg,data/synthetic_controlnet/train/hair_drier/synthetic_hair_drier_00019.png,runwayml/stable-diffusion-v1-5,lllyasviel/sd-controlnet-canny,61
synthetic_controlnet_canny,0,89,hair drier,hair_drier,"a realistic high quality photo of hair drier, centered object, natural lighting, detailed",data/crops/train/hair_drier/train_hair_drier_00003_img116466_ann1163542.jpg,data/synthetic_controlnet/train/hair_drier/synthetic_hair_drier_00020.png,runwayml/stable-diffusion-v1-5,lllyasviel/sd-controlnet-canny,62
synthetic_controlnet_canny,0,89,hair drier,hair_drier,"a realistic high quality photo of hair drier, centered object, natural lighting, detailed",data/crops/train/hair_drier/train_hair_drier_00071_img438349_ann2228797.jpg,data/synthetic_controlnet/train/hair_drier/synthetic_hair_drier_00021.png,runwayml/stable-diffusion-v1-5,lllyasviel/sd-controlnet-canny,63
synthetic_controlnet_canny,0,89,hair drier,hair_drier,"a realistic high quality photo of hair drier, centered object, natural lighting, detailed",data/crops/train/hair_drier/train_hair_drier_00025_img414857_ann1188343.jpg,data/synthetic_controlnet/train/hair_drier/synthetic_hair_drier_00022.png,runwayml/stable-diffusion-v1-5,lllyasviel/sd-controlnet-canny,64
synthetic_controlnet_canny,0,89,hair drier,hair_drier,"a realistic high quality photo of hair drier, centered object, natural lighting, detailed",data/crops/train/hair_drier/train_hair_drier_00091_img180020_ann1188313.jpg,data/synthetic_controlnet/train/hair_drier/synthetic_hair_drier_00023.png,runwayml/stable-diffusion-v1-5,lllyasviel/sd-controlnet-canny,65
synthetic_controlnet_canny,0,89,hair drier,hair_drier,"a realistic high quality photo of hair drier, centered object, natural lighting, detailed",data/crops/train/hair_drier/train_hair_drier_00083_img123125_ann1188372.jpg,data/synthetic_controlnet/train/hair_drier/synthetic_hair_drier_00024.png,runwayml/stable-diffusion-v1-5,lllyasviel/sd-controlnet-canny,66
synthetic_controlnet_canny,0,89,hair drier,hair_drier,"a realistic high quality photo of hair drier, centered object, natural lighting, detailed",data/crops/train/hair_drier/train_hair_drier_00089_img545944_ann1675982.jpg,data/synthetic_controlnet/train/hair_drier/synthetic_hair_drier_00025.png,runwayml/stable-diffusion-v1-5,lllyasviel/sd-controlnet-canny,67
synthetic_controlnet_canny,0,89,hair drier,hair_drier,"a realistic high quality photo of hair drier, centered object, natural lighting, detailed",data/crops/train/hair_drier/train_hair_drier_00069_img512292_ann1675984.jpg,data/synthetic_controlnet/train/hair_drier/synthetic_hair_drier_00026.png,runwayml/stable-diffusion-v1-5,lllyasviel/sd-controlnet-canny,68
synthetic_controlnet_canny,0,89,hair drier,hair_drier,"a realistic high quality photo of hair drier, centered object, natural lighting, detailed",data/crops/train/hair_drier/train_hair_drier_00053_img388075_ann1997012.jpg,data/synthetic_controlnet/train/hair_drier/synthetic_hair_drier_00027.png,runwayml/stable-diffusion-v1-5,lllyasviel/sd-controlnet-canny,69
synthetic_controlnet_canny,0,89,hair drier,hair_drier,"a realistic high quality photo of hair drier, centered object, natural lighting, detailed",data/crops/train/hair_drier/train_hair_drier_00028_img375483_ann1188307.jpg,data/synthetic_controlnet/train/hair_drier/synthetic_hair_drier_00028.png,runwayml/stable-diffusion-v1-5,lllyasviel/sd-controlnet-canny,70
synthetic_controlnet_canny,0,89,hair drier,hair_drier,"a realistic high quality photo of hair drier, centered object, natural lighting, detailed",data/crops/train/hair_drier/train_hair_drier_00057_img293133_ann1188224.jpg,data/synthetic_controlnet/train/hair_drier/synthetic_hair_drier_00029.png,runwayml/stable-diffusion-v1-5,lllyasviel/sd-controlnet-canny,71
synthetic_controlnet_canny,0,89,hair drier,hair_drier,"a realistic high quality photo of hair drier, centered object, natural lighting, detailed",data/crops/train/hair_drier/train_hair_drier_00075_img127301_ann1188310.jpg,data/synthetic_controlnet/train/hair_drier/synthetic_hair_drier_00030.png,runwayml/stable-diffusion-v1-5,lllyasviel/sd-controlnet-canny,72
synthetic_controlnet_canny,0,89,hair drier,hair_drier,"a realistic high quality photo of hair drier, centered object, natural lighting, detailed",data/crops/train/hair_drier/train_hair_drier_00035_img304125_ann1188177.jpg,data/synthetic_controlnet/train/hair_drier/synthetic_hair_drier_00031.png,runwayml/stable-diffusion-v1-5,lllyasviel/sd-controlnet-canny,73
synthetic_controlnet_canny,0,89,hair drier,hair_drier,"a realistic high quality photo of hair drier, centered object, natural lighting, detailed",data/crops/train/hair_drier/train_hair_drier_00000_img31113_ann1188236.jpg,data/synthetic_controlnet/train/hair_drier/synthetic_hair_drier_00032.png,runwayml/stable-diffusion-v1-5,lllyasviel/sd-controlnet-canny,74
synthetic_controlnet_canny,0,89,hair drier,hair_drier,"a realistic high quality photo of hair drier, centered object, natural lighting, detailed",data/crops/train/hair_drier/train_hair_drier_00020_img118736_ann1188227.jpg,data/synthetic_controlnet/train/hair_drier/synthetic_hair_drier_00033.png,runwayml/stable-diffusion-v1-5,lllyasviel/sd-controlnet-canny,75
synthetic_controlnet_canny,0,89,hair drier,hair_drier,"a realistic high quality photo of hair drier, centered object, natural lighting, detailed",data/crops/train/hair_drier/train_hair_drier_00089_img545944_ann1675982.jpg,data/synthetic_controlnet/train/hair_drier/synthetic_hair_drier_00034.png,runwayml/stable-diffusion-v1-5,lllyasviel/sd-controlnet-canny,76
synthetic_controlnet_canny,0,89,hair drier,hair_drier,"a realistic high quality photo of hair drier, centered object, natural lighting, detailed",data/crops/train/hair_drier/train_hair_drier_00054_img341865_ann1163501.jpg,data/synthetic_controlnet/train/hair_drier/synthetic_hair_drier_00035.png,runwayml/stable-diffusion-v1-5,lllyasviel/sd-controlnet-canny,77
synthetic_controlnet_canny,0,89,hair drier,hair_drier,"a realistic high quality photo of hair drier, centered object, natural lighting, detailed",data/crops/train/hair_drier/train_hair_drier_00043_img130732_ann1188301.jpg,data/synthetic_controlnet/train/hair_drier/synthetic_hair_drier_00036.png,runwayml/stable-diffusion-v1-5,lllyasviel/sd-controlnet-canny,78
synthetic_controlnet_canny,0,89,hair drier,hair_drier,"a realistic high quality photo of hair drier, centered object, natural lighting, detailed",data/crops/train/hair_drier/train_hair_drier_00035_img304125_ann1188177.jpg,data/synthetic_controlnet/train/hair_drier/synthetic_hair_drier_00037.png,runwayml/stable-diffusion-v1-5,lllyasviel/sd-controlnet-canny,79
synthetic_controlnet_canny,0,89,hair drier,hair_drier,"a realistic high quality photo of hair drier, centered object, natural lighting, detailed",data/crops/train/hair_drier/train_hair_drier_00019_img383267_ann1676028.jpg,data/synthetic_controlnet/train/hair_drier/synthetic_hair_drier_00038.png,runwayml/stable-diffusion-v1-5,lllyasviel/sd-controlnet-canny,80
synthetic_controlnet_canny,0,89,hair drier,hair_drier,"a realistic high quality photo of hair drier, centered object, natural lighting, detailed",data/crops/train/hair_drier/train_hair_drier_00027_img333020_ann1675999.jpg,data/synthetic_controlnet/train/hair_drier/synthetic_hair_drier_00039.png,runwayml/stable-diffusion-v1-5,lllyasviel/sd-controlnet-canny,81
synthetic_controlnet_canny,1,24,zebra,zebra,"a realistic high quality photo of zebra, centered object, natural lighting, detailed",data/crops/train/zebra/train_zebra_00245_img191188_ann590601.jpg,data/synthetic_controlnet/train/zebra/synthetic_zebra_00000.png,runwayml/stable-diffusion-v1-5,lllyasviel/sd-controlnet-canny,10042
synthetic_controlnet_canny,1,24,zebra,zebra,"a realistic high quality photo of zebra, centered object, natural lighting, detailed",data/crops/train/zebra/train_zebra_00195_img51210_ann589766.jpg,data/synthetic_controlnet/train/zebra/synthetic_zebra_00001.png,runwayml/stable-diffusion-v1-5,lllyasviel/sd-controlnet-canny,10043
synthetic_controlnet_canny,1,24,zebra,zebra,"a realistic high quality photo of zebra, centered object, natural lighting, detailed",data/crops/train/zebra/train_zebra_00086_img196944_ann588840.jpg,data/synthetic_controlnet/train/zebra/synthetic_zebra_00002.png,runwayml/stable-diffusion-v1-5,lllyasviel/sd-controlnet-canny,10044
synthetic_controlnet_canny,1,24,zebra,zebra,"a realistic high quality photo of zebra, centered object, natural lighting, detailed",data/crops/train/zebra/train_zebra_00026_img434856_ann591449.jpg,data/synthetic_controlnet/train/zebra/synthetic_zebra_00003.png,runwayml/stable-diffusion-v1-5,lllyasviel/sd-controlnet-canny,10045
synthetic_controlnet_canny,1,24,zebra,zebra,"a realistic high quality photo of zebra, centered object, natural lighting, detailed",data/crops/train/zebra/train_zebra_00023_img231140_ann593772.jpg,data/synthetic_controlnet/train/zebra/synthetic_zebra_00004.png,runwayml/stable-diffusion-v1-5,lllyasviel/sd-controlnet-canny,10046
synthetic_controlnet_canny,1,24,zebra,zebra,"a realistic high quality photo of zebra, centered object, natural lighting, detailed",data/crops/train/zebra/train_zebra_00097_img32456_ann590861.jpg,data/synthetic_controlnet/train/zebra/synthetic_zebra_00005.png,runwayml/stable-diffusion-v1-5,lllyasviel/sd-controlnet-canny,10047
synthetic_controlnet_canny,1,24,zebra,zebra,"a realistic high quality photo of zebra, centered object, natural lighting, detailed",data/crops/train/zebra/train_zebra_00024_img364567_ann1412527.jpg,data/synthetic_controlnet/train/zebra/synthetic_zebra_00006.png,runwayml/stable-diffusion-v1-5,lllyasviel/sd-controlnet-canny,10048
synthetic_controlnet_canny,1,24,zebra,zebra,"a realistic high quality photo of zebra, centered object, natural lighting, detailed",data/crops/train/zebra/train_zebra_00091_img489995_ann594194.jpg,data/synthetic_controlnet/train/zebra/synthetic_zebra_00007.png,runwayml/stable-diffusion-v1-5,lllyasviel/sd-controlnet-canny,10049
synthetic_controlnet_canny,1,24,zebra,zebra,"a realistic high quality photo of zebra, centered object, natural lighting, detailed",data/crops/train/zebra/train_zebra_00216_img169228_ann590294.jpg,data/synthetic_controlnet/train/zebra/synthetic_zebra_00008.png,runwayml/stable-diffusion-v1-5,lllyasviel/sd-controlnet-canny,10050
synthetic_controlnet_canny,1,24,zebra,zebra,"a realistic high quality photo of zebra, centered object, natural lighting, detailed",data/crops/train/zebra/train_zebra_00088_img354003_ann593864.jpg,data/synthetic_controlnet/train/zebra/synthetic_zebra_00009.png,runwayml/stable-diffusion-v1-5,lllyasviel/sd-controlnet-canny,10051
synthetic_controlnet_canny,1,24,zebra,zebra,"a realistic high quality photo of zebra, centered object, natural lighting, detailed",data/crops/train/zebra/train_zebra_00154_img428178_ann593798.jpg,data/synthetic_controlnet/train/zebra/synthetic_zebra_00010.png,runwayml/stable-diffusion-v1-5,lllyasviel/sd-controlnet-canny,10052
synthetic_controlnet_canny,1,24,zebra,zebra,"a realistic high quality photo of zebra, centered object, natural lighting, detailed",data/crops/train/zebra/train_zebra_00067_img99619_ann588534.jpg,data/synthetic_controlnet/train/zebra/synthetic_zebra_00011.png,runwayml/stable-diffusion-v1-5,lllyasviel/sd-controlnet-canny,10053
synthetic_controlnet_canny,1,24,zebra,zebra,"a realistic high quality photo of zebra, centered object, natural lighting, detailed",data/crops/train/zebra/train_zebra_00206_img471771_ann590996.jpg,data/synthetic_controlnet/train/zebra/synthetic_zebra_00012.png,runwayml/stable-diffusion-v1-5,lllyasviel/sd-controlnet-canny,10054
synthetic_controlnet_canny,1,24,zebra,zebra,"a realistic high quality photo of zebra, centered object, natural lighting, detailed",data/crops/train/zebra/train_zebra_00011_img357301_ann590818.jpg,data/synthetic_controlnet/train/zebra/synthetic_zebra_00013.png,runwayml/stable-diffusion-v1-5,lllyasviel/sd-controlnet-canny,10055
synthetic_controlnet_canny,1,24,zebra,zebra,"a realistic high quality photo of zebra, centered object, natural lighting, detailed",data/crops/train/zebra/train_zebra_00186_img394352_ann592627.jpg,data/synthetic_controlnet/train/zebra/synthetic_zebra_00014.png,runwayml/stable-diffusion-v1-5,lllyasviel/sd-controlnet-canny,10056
synthetic_controlnet_canny,1,24,zebra,zebra,"a realistic high quality photo of zebra, centered object, natural lighting, detailed",data/crops/train/zebra/train_zebra_00117_img167696_ann589816.jpg,data/synthetic_controlnet/train/zebra/synthetic_zebra_00015.png,runwayml/stable-diffusion-v1-5,lllyasviel/sd-controlnet-canny,10057
synthetic_controlnet_canny,1,24,zebra,zebra,"a realistic high quality photo of zebra, centered object, natural lighting, detailed",data/crops/train/zebra/train_zebra_00137_img487095_ann588132.jpg,data/synthetic_controlnet/train/zebra/synthetic_zebra_00016.png,runwayml/stable-diffusion-v1-5,lllyasviel/sd-controlnet-canny,10058
synthetic_controlnet_canny,1,24,zebra,zebra,"a realistic high quality photo of zebra, centered object, natural lighting, detailed",data/crops/train/zebra/train_zebra_00031_img61760_ann593829.jpg,data/synthetic_controlnet/train/zebra/synthetic_zebra_00017.png,runwayml/stable-diffusion-v1-5,lllyasviel/sd-controlnet-canny,10059
synthetic_controlnet_canny,1,24,zebra,zebra,"a realistic high quality photo of zebra, centered object, natural lighting, detailed",data/crops/train/zebra/train_zebra_00249_img556406_ann590309.jpg,data/synthetic_controlnet/train/zebra/synthetic_zebra_00018.png,runwayml/stable-diffusion-v1-5,lllyasviel/sd-controlnet-canny,10060
synthetic_controlnet_canny,1,24,zebra,zebra,"a realistic high quality photo of zebra, centered object, natural lighting, detailed",data/crops/train/zebra/train_zebra_00236_img180997_ann589680.jpg,data/synthetic_controlnet/train/zebra/synthetic_zebra_00019.png,runwayml/stable-diffusion-v1-5,lllyasviel/sd-controlnet-canny,10061
synthetic_controlnet_canny,1,24,zebra,zebra,"a realistic high quality photo of zebra, centered object, natural lighting, detailed",data/crops/train/zebra/train_zebra_00096_img380058_ann1412564.jpg,data/synthetic_controlnet/train/zebra/synthetic_zebra_00020.png,runwayml/stable-diffusion-v1-5,lllyasviel/sd-controlnet-canny,10062
synthetic_controlnet_canny,1,24,zebra,zebra,"a realistic high quality photo of zebra, centered object, natural lighting, detailed",data/crops/train/zebra/train_zebra_00020_img524991_ann590700.jpg,data/synthetic_controlnet/train/zebra/synthetic_zebra_00021.png,runwayml/stable-diffusion-v1-5,lllyasviel/sd-controlnet-canny,10063
synthetic_controlnet_canny,1,24,zebra,zebra,"a realistic high quality photo of zebra, centered object, natural lighting, detailed",data/crops/train/zebra/train_zebra_00141_img321737_ann588209.jpg,data/synthetic_controlnet/train/zebra/synthetic_zebra_00022.png,runwayml/stable-diffusion-v1-5,lllyasviel/sd-controlnet-canny,10064
synthetic_controlnet_canny,1,24,zebra,zebra,"a realistic high quality photo of zebra, centered object, natural lighting, detailed",data/crops/train/zebra/train_zebra_00075_img70927_ann592714.jpg,data/synthetic_controlnet/train/zebra/synthetic_zebra_00023.png,runwayml/stable-diffusion-v1-5,lllyasviel/sd-controlnet-canny,10065
synthetic_controlnet_canny,1,24,zebra,zebra,"a realistic high quality photo of zebra, centered object, natural lighting, detailed",data/crops/train/zebra/train_zebra_00212_img458175_ann589789.jpg,data/synthetic_controlnet/train/zebra/synthetic_zebra_00024.png,runwayml/stable-diffusion-v1-5,lllyasviel/sd-controlnet-canny,10066
synthetic_controlnet_canny,1,24,zebra,zebra,"a realistic high quality photo of zebra, centered object, natural lighting, detailed",data/crops/train/zebra/train_zebra_00160_img321737_ann2175295.jpg,data/synthetic_controlnet/train/zebra/synthetic_zebra_00025.png,runwayml/stable-diffusion-v1-5,lllyasviel/sd-controlnet-canny,10067
synthetic_controlnet_canny,1,24,zebra,zebra,"a realistic high quality photo of zebra, centered object, natural lighting, detailed",data/crops/train/zebra/train_zebra_00158_img540885_ann592466.jpg,data/synthetic_controlnet/train/zebra/synthetic_zebra_00026.png,runwayml/stable-diffusion-v1-5,lllyasviel/sd-controlnet-canny,10068
synthetic_controlnet_canny,1,24,zebra,zebra,"a realistic high quality photo of zebra, centered object, natural lighting, detailed",data/crops/train/zebra/train_zebra_00226_img353220_ann1822206.jpg,data/synthetic_controlnet/train/zebra/synthetic_zebra_00027.png,runwayml/stable-diffusion-v1-5,lllyasviel/sd-controlnet-canny,10069
synthetic_controlnet_canny,1,24,zebra,zebra,"a realistic high quality photo of zebra, centered object, natural lighting, detailed",data/crops/train/zebra/train_zebra_00220_img451061_ann593182.jpg,data/synthetic_controlnet/train/zebra/synthetic_zebra_00028.png,runwayml/stable-diffusion-v1-5,lllyasviel/sd-controlnet-canny,10070
synthetic_controlnet_canny,1,24,zebra,zebra,"a realistic high quality photo of zebra, centered object, natural lighting, detailed",data/crops/train/zebra/train_zebra_00092_img55575_ann1411851.jpg,data/synthetic_controlnet/train/zebra/synthetic_zebra_00029.png,runwayml/stable-diffusion-v1-5,lllyasviel/sd-controlnet-canny,10071
synthetic_controlnet_canny,1,24,zebra,zebra,"a realistic high quality photo of zebra, centered object, natural lighting, detailed",data/crops/train/zebra/train_zebra_00147_img574696_ann589978.jpg,data/synthetic_controlnet/train/zebra/synthetic_zebra_00030.png,runwayml/stable-diffusion-v1-5,lllyasviel/sd-controlnet-canny,10072
synthetic_controlnet_canny,1,24,zebra,zebra,"a realistic high quality photo of zebra, centered object, natural lighting, detailed",data/crops/train/zebra/train_zebra_00049_img32206_ann1822588.jpg,data/synthetic_controlnet/train/zebra/synthetic_zebra_00031.png,runwayml/stable-diffusion-v1-5,lllyasviel/sd-controlnet-canny,10073
synthetic_controlnet_canny,1,24,zebra,zebra,"a realistic high quality photo of zebra, centered object, natural lighting, detailed",data/crops/train/zebra/train_zebra_00180_img319902_ann592112.jpg,data/synthetic_controlnet/train/zebra/synthetic_zebra_00032.png,runwayml/stable-diffusion-v1-5,lllyasviel/sd-controlnet-canny,10074
synthetic_controlnet_canny,1,24,zebra,zebra,"a realistic high quality photo of zebra, centered object, natural lighting, detailed",data/crops/train/zebra/train_zebra_00017_img251816_ann589695.jpg,data/synthetic_controlnet/train/zebra/synthetic_zebra_00033.png,runwayml/stable-diffusion-v1-5,lllyasviel/sd-controlnet-canny,10075
synthetic_controlnet_canny,1,24,zebra,zebra,"a realistic high quality photo of zebra, centered object, natural lighting, detailed",data/crops/train/zebra/train_zebra_00011_img357301_ann590818.jpg,data/synthetic_controlnet/train/zebra/synthetic_zebra_00034.png,runwayml/stable-diffusion-v1-5,lllyasviel/sd-controlnet-canny,10076
synthetic_controlnet_canny,1,24,zebra,zebra,"a realistic high quality photo of zebra, centered object, natural lighting, detailed",data/crops/train/zebra/train_zebra_00169_img329380_ann590448.jpg,data/synthetic_controlnet/train/zebra/synthetic_zebra_00035.png,runwayml/stable-diffusion-v1-5,lllyasviel/sd-controlnet-canny,10077
synthetic_controlnet_canny,1,24,zebra,zebra,"a realistic high quality photo of zebra, centered object, natural lighting, detailed",data/crops/train/zebra/train_zebra_00058_img458594_ann590477.jpg,data/synthetic_controlnet/train/zebra/synthetic_zebra_00036.png,runwayml/stable-diffusion-v1-5,lllyasviel/sd-controlnet-canny,10078
synthetic_controlnet_canny,1,24,zebra,zebra,"a realistic high quality photo of zebra, centered object, natural lighting, detailed",data/crops/train/zebra/train_zebra_00197_img109774_ann592097.jpg,data/synthetic_controlnet/train/zebra/synthetic_zebra_00037.png,runwayml/stable-diffusion-v1-5,lllyasviel/sd-controlnet-canny,10079
synthetic_controlnet_canny,1,24,zebra,zebra,"a realistic high quality photo of zebra, centered object, natural lighting, detailed",data/crops/train/zebra/train_zebra_00074_img230679_ann589245.jpg,data/synthetic_controlnet/train/zebra/synthetic_zebra_00038.png,runwayml/stable-diffusion-v1-5,lllyasviel/sd-controlnet-canny,10080
synthetic_controlnet_canny,1,24,zebra,zebra,"a realistic high quality photo of zebra, centered object, natural lighting, detailed",data/crops/train/zebra/train_zebra_00020_img524991_ann590700.jpg,data/synthetic_controlnet/train/zebra/synthetic_zebra_00039.png,runwayml/stable-diffusion-v1-5,lllyasviel/sd-controlnet-canny,10081
synthetic_controlnet_canny,2,74,mouse,mouse,"a realistic high quality photo of mouse, centered object, natural lighting, detailed",data/crops/train/mouse/train_mouse_00218_img448368_ann1971874.jpg,data/synthetic_controlnet/train/mouse/synthetic_mouse_00000.png,runwayml/stable-diffusion-v1-5,lllyasviel/sd-controlnet-canny,20042
synthetic_controlnet_canny,2,74,mouse,mouse,"a realistic high quality photo of mouse, centered object, natural lighting, detailed",data/crops/train/mouse/train_mouse_00059_img153638_ann1107037.jpg,data/synthetic_controlnet/train/mouse/synthetic_mouse_00001.png,runwayml/stable-diffusion-v1-5,lllyasviel/sd-controlnet-canny,20043
synthetic_controlnet_canny,2,74,mouse,mouse,"a realistic high quality photo of mouse, centered object, natural lighting, detailed",data/crops/train/mouse/train_mouse_00221_img74080_ann2135059.jpg,data/synthetic_controlnet/train/mouse/synthetic_mouse_00002.png,runwayml/stable-diffusion-v1-5,lllyasviel/sd-controlnet-canny,20044
synthetic_controlnet_canny,2,74,mouse,mouse,"a realistic high quality photo of mouse, centered object, natural lighting, detailed",data/crops/train/mouse/train_mouse_00025_img97922_ann1104579.jpg,data/synthetic_controlnet/train/mouse/synthetic_mouse_00003.png,runwayml/stable-diffusion-v1-5,lllyasviel/sd-controlnet-canny,20045
synthetic_controlnet_canny,2,74,mouse,mouse,"a realistic high quality photo of mouse, centered object, natural lighting, detailed",data/crops/train/mouse/train_mouse_00097_img170917_ann1105062.jpg,data/synthetic_controlnet/train/mouse/synthetic_mouse_00004.png,runwayml/stable-diffusion-v1-5,lllyasviel/sd-controlnet-canny,20046
synthetic_controlnet_canny,2,74,mouse,mouse,"a realistic high quality photo of mouse, centered object, natural lighting, detailed",data/crops/train/mouse/train_mouse_00071_img271714_ann1105438.jpg,data/synthetic_controlnet/train/mouse/synthetic_mouse_00005.png,runwayml/stable-diffusion-v1-5,lllyasviel/sd-controlnet-canny,20047
synthetic_controlnet_canny,2,74,mouse,mouse,"a realistic high quality photo of mouse, centered object, natural lighting, detailed",data/crops/train/mouse/train_mouse_00116_img399899_ann1104744.jpg,data/synthetic_controlnet/train/mouse/synthetic_mouse_00006.png,runwayml/stable-diffusion-v1-5,lllyasviel/sd-controlnet-canny,20048
synthetic_controlnet_canny,2,74,mouse,mouse,"a realistic high quality photo of mouse, centered object, natural lighting, detailed",data/crops/train/mouse/train_mouse_00162_img391794_ann1971856.jpg,data/synthetic_controlnet/train/mouse/synthetic_mouse_00007.png,runwayml/stable-diffusion-v1-5,lllyasviel/sd-controlnet-canny,20049
synthetic_controlnet_canny,2,74,mouse,mouse,"a realistic high quality photo of mouse, centered object, natural lighting, detailed",data/crops/train/mouse/train_mouse_00213_img391786_ann1106904.jpg,data/synthetic_controlnet/train/mouse/synthetic_mouse_00008.png,runwayml/stable-diffusion-v1-5,lllyasviel/sd-controlnet-canny,20050
synthetic_controlnet_canny,2,74,mouse,mouse,"a realistic high quality photo of mouse, centered object, natural lighting, detailed",data/crops/train/mouse/train_mouse_00093_img260360_ann1105423.jpg,data/synthetic_controlnet/train/mouse/synthetic_mouse_00009.png,runwayml/stable-diffusion-v1-5,lllyasviel/sd-controlnet-canny,20051
synthetic_controlnet_canny,2,74,mouse,mouse,"a realistic high quality photo of mouse, centered object, natural lighting, detailed",data/crops/train/mouse/train_mouse_00041_img420156_ann1629358.jpg,data/synthetic_controlnet/train/mouse/synthetic_mouse_00010.png,runwayml/stable-diffusion-v1-5,lllyasviel/sd-controlnet-canny,20052
synthetic_controlnet_canny,2,74,mouse,mouse,"a realistic high quality photo of mouse, centered object, natural lighting, detailed",data/crops/train/mouse/train_mouse_00094_img393971_ann1971682.jpg,data/synthetic_controlnet/train/mouse/synthetic_mouse_00011.png,runwayml/stable-diffusion-v1-5,lllyasviel/sd-controlnet-canny,20053
synthetic_controlnet_canny,2,74,mouse,mouse,"a realistic high quality photo of mouse, centered object, natural lighting, detailed",data/crops/train/mouse/train_mouse_00090_img32231_ann1629670.jpg,data/synthetic_controlnet/train/mouse/synthetic_mouse_00012.png,runwayml/stable-diffusion-v1-5,lllyasviel/sd-controlnet-canny,20054
synthetic_controlnet_canny,2,74,mouse,mouse,"a realistic high quality photo of mouse, centered object, natural lighting, detailed",data/crops/train/mouse/train_mouse_00053_img97330_ann1628914.jpg,data/synthetic_controlnet/train/mouse/synthetic_mouse_00013.png,runwayml/stable-diffusion-v1-5,lllyasviel/sd-controlnet-canny,20055
synthetic_controlnet_canny,2,74,mouse,mouse,"a realistic high quality photo of mouse, centered object, natural lighting, detailed",data/crops/train/mouse/train_mouse_00171_img444664_ann1106777.jpg,data/synthetic_controlnet/train/mouse/synthetic_mouse_00014.png,runwayml/stable-diffusion-v1-5,lllyasviel/sd-controlnet-canny,20056
synthetic_controlnet_canny,2,74,mouse,mouse,"a realistic high quality photo of mouse, centered object, natural lighting, detailed",data/crops/train/mouse/train_mouse_00068_img93175_ann1106147.jpg,data/synthetic_controlnet/train/mouse/synthetic_mouse_00015.png,runwayml/stable-diffusion-v1-5,lllyasviel/sd-controlnet-canny,20057
synthetic_controlnet_canny,2,74,mouse,mouse,"a realistic high quality photo of mouse, centered object, natural lighting, detailed",data/crops/train/mouse/train_mouse_00179_img255573_ann1105792.jpg,data/synthetic_controlnet/train/mouse/synthetic_mouse_00016.png,runwayml/stable-diffusion-v1-5,lllyasviel/sd-controlnet-canny,20058
synthetic_controlnet_canny,2,74,mouse,mouse,"a realistic high quality photo of mouse, centered object, natural lighting, detailed",data/crops/train/mouse/train_mouse_00239_img540253_ann1107590.jpg,data/synthetic_controlnet/train/mouse/synthetic_mouse_00017.png,runwayml/stable-diffusion-v1-5,lllyasviel/sd-controlnet-canny,20059
synthetic_controlnet_canny,2,74,mouse,mouse,"a realistic high quality photo of mouse, centered object, natural lighting, detailed",data/crops/train/mouse/train_mouse_00174_img506803_ann1106396.jpg,data/synthetic_controlnet/train/mouse/synthetic_mouse_00018.png,runwayml/stable-diffusion-v1-5,lllyasviel/sd-controlnet-canny,20060
synthetic_controlnet_canny,2,74,mouse,mouse,"a realistic high quality photo of mouse, centered object, natural lighting, detailed",data/crops/train/mouse/train_mouse_00165_img318219_ann1106437.jpg,data/synthetic_controlnet/train/mouse/synthetic_mouse_00019.png,runwayml/stable-diffusion-v1-5,lllyasviel/sd-controlnet-canny,20061
synthetic_controlnet_canny,2,74,mouse,mouse,"a realistic high quality photo of mouse, centered object, natural lighting, detailed",data/crops/train/mouse/train_mouse_00018_img574069_ann1106521.jpg,data/synthetic_controlnet/train/mouse/synthetic_mouse_00020.png,runwayml/stable-diffusion-v1-5,lllyasviel/sd-controlnet-canny,20062
synthetic_controlnet_canny,2,74,mouse,mouse,"a realistic high quality photo of mouse, centered object, natural lighting, detailed",data/crops/train/mouse/train_mouse_00155_img94087_ann1104699.jpg,data/synthetic_controlnet/train/mouse/synthetic_mouse_00021.png,runwayml/stable-diffusion-v1-5,lllyasviel/sd-controlnet-canny,20063
synthetic_controlnet_canny,2,74,mouse,mouse,"a realistic high quality photo of mouse, centered object, natural lighting, detailed",data/crops/train/mouse/train_mouse_00162_img391794_ann1971856.jpg,data/synthetic_controlnet/train/mouse/synthetic_mouse_00022.png,runwayml/stable-diffusion-v1-5,lllyasviel/sd-controlnet-canny,20064
synthetic_controlnet_canny,2,74,mouse,mouse,"a realistic high quality photo of mouse, centered object, natural lighting, detailed",data/crops/train/mouse/train_mouse_00043_img554625_ann1629550.jpg,data/synthetic_controlnet/train/mouse/synthetic_mouse_00023.png,runwayml/stable-diffusion-v1-5,lllyasviel/sd-controlnet-canny,20065
synthetic_controlnet_canny,2,74,mouse,mouse,"a realistic high quality photo of mouse, centered object, natural lighting, detailed",data/crops/train/mouse/train_mouse_00136_img434511_ann1105921.jpg,data/synthetic_controlnet/train/mouse/synthetic_mouse_00024.png,runwayml/stable-diffusion-v1-5,lllyasviel/sd-controlnet-canny,20066
synthetic_controlnet_canny,2,74,mouse,mouse,"a realistic high quality photo of mouse, centered object, natural lighting, detailed",data/crops/train/mouse/train_mouse_00186_img232118_ann1104691.jpg,data/synthetic_controlnet/train/mouse/synthetic_mouse_00025.png,runwayml/stable-diffusion-v1-5,lllyasviel/sd-controlnet-canny,20067
synthetic_controlnet_canny,2,74,mouse,mouse,"a realistic high quality photo of mouse, centered object, natural lighting, detailed",data/crops/train/mouse/train_mouse_00062_img175600_ann1629058.jpg,data/synthetic_controlnet/train/mouse/synthetic_mouse_00026.png,runwayml/stable-diffusion-v1-5,lllyasviel/sd-controlnet-canny,20068
synthetic_controlnet_canny,2,74,mouse,mouse,"a realistic high quality photo of mouse, centered object, natural lighting, detailed",data/crops/train/mouse/train_mouse_00041_img420156_ann1629358.jpg,data/synthetic_controlnet/train/mouse/synthetic_mouse_00027.png,runwayml/stable-diffusion-v1-5,lllyasviel/sd-controlnet-canny,20069
synthetic_controlnet_canny,2,74,mouse,mouse,"a realistic high quality photo of mouse, centered object, natural lighting, detailed",data/crops/train/mouse/train_mouse_00118_img347055_ann1107025.jpg,data/synthetic_controlnet/train/mouse/synthetic_mouse_00028.png,runwayml/stable-diffusion-v1-5,lllyasviel/sd-controlnet-canny,20070
synthetic_controlnet_canny,2,74,mouse,mouse,"a realistic high quality photo of mouse, centered object, natural lighting, detailed",data/crops/train/mouse/train_mouse_00097_img170917_ann1105062.jpg,data/synthetic_controlnet/train/mouse/synthetic_mouse_00029.png,runwayml/stable-diffusion-v1-5,lllyasviel/sd-controlnet-canny,20071
synthetic_controlnet_canny,2,74,mouse,mouse,"a realistic high quality photo of mouse, centered object, natural lighting, detailed",data/crops/train/mouse/train_mouse_00069_img423083_ann1105354.jpg,data/synthetic_controlnet/train/mouse/synthetic_mouse_00030.png,runwayml/stable-diffusion-v1-5,lllyasviel/sd-controlnet-canny,20072
synthetic_controlnet_canny,2,74,mouse,mouse,"a realistic high quality photo of mouse, centered object, natural lighting, detailed",data/crops/train/mouse/train_mouse_00236_img305788_ann1104600.jpg,data/synthetic_controlnet/train/mouse/synthetic_mouse_00031.png,runwayml/stable-diffusion-v1-5,lllyasviel/sd-controlnet-canny,20073
synthetic_controlnet_canny,2,74,mouse,mouse,"a realistic high quality photo of mouse, centered object, natural lighting, detailed",data/crops/train/mouse/train_mouse_00163_img461018_ann1629157.jpg,data/synthetic_controlnet/train/mouse/synthetic_mouse_00032.png,runwayml/stable-diffusion-v1-5,lllyasviel/sd-controlnet-canny,20074
synthetic_controlnet_canny,2,74,mouse,mouse,"a realistic high quality photo of mouse, centered object, natural lighting, detailed",data/crops/train/mouse/train_mouse_00176_img138704_ann1107540.jpg,data/synthetic_controlnet/train/mouse/synthetic_mouse_00033.png,runwayml/stable-diffusion-v1-5,lllyasviel/sd-controlnet-canny,20075
synthetic_controlnet_canny,2,74,mouse,mouse,"a realistic high quality photo of mouse, centered object, natural lighting, detailed",data/crops/train/mouse/train_mouse_00142_img194247_ann1105285.jpg,data/synthetic_controlnet/train/mouse/synthetic_mouse_00034.png,runwayml/stable-diffusion-v1-5,lllyasviel/sd-controlnet-canny,20076
synthetic_controlnet_canny,2,74,mouse,mouse,"a realistic high quality photo of mouse, centered object, natural lighting, detailed",data/crops/train/mouse/train_mouse_00056_img557685_ann1107417.jpg,data/synthetic_controlnet/train/mouse/synthetic_mouse_00035.png,runwayml/stable-diffusion-v1-5,lllyasviel/sd-controlnet-canny,20077
synthetic_controlnet_canny,2,74,mouse,mouse,"a realistic high quality photo of mouse, centered object, natural lighting, detailed",data/crops/train/mouse/train_mouse_00175_img379475_ann1107444.jpg,data/synthetic_controlnet/train/mouse/synthetic_mouse_00036.png,runwayml/stable-diffusion-v1-5,lllyasviel/sd-controlnet-canny,20078
synthetic_controlnet_canny,2,74,mouse,mouse,"a realistic high quality photo of mouse, centered object, natural lighting, detailed",data/crops/train/mouse/train_mouse_00083_img507782_ann1106130.jpg,data/synthetic_controlnet/train/mouse/synthetic_mouse_00037.png,runwayml/stable-diffusion-v1-5,lllyasviel/sd-controlnet-canny,20079
synthetic_controlnet_canny,2,74,mouse,mouse,"a realistic high quality photo of mouse, centered object, natural lighting, detailed",data/crops/train/mouse/train_mouse_00215_img59388_ann1104537.jpg,data/synthetic_controlnet/train/mouse/synthetic_mouse_00038.png,runwayml/stable-diffusion-v1-5,lllyasviel/sd-controlnet-canny,20080
synthetic_controlnet_canny,2,74,mouse,mouse,"a realistic high quality photo of mouse, centered object, natural lighting, detailed",data/crops/train/mouse/train_mouse_00196_img402109_ann1105350.jpg,data/synthetic_controlnet/train/mouse/synthetic_mouse_00039.png,runwayml/stable-diffusion-v1-5,lllyasviel/sd-controlnet-canny,20081
synthetic_controlnet_canny,3,87,scissors,scissors,"a realistic high quality photo of scissors, centered object, natural lighting, detailed",data/crops/train/scissors/train_scissors_00198_img523412_ann1672116.jpg,data/synthetic_controlnet/train/scissors/synthetic_scissors_00000.png,runwayml/stable-diffusion-v1-5,lllyasviel/sd-controlnet-canny,30042
synthetic_controlnet_canny,3,87,scissors,scissors,"a realistic high quality photo of scissors, centered object, natural lighting, detailed",data/crops/train/scissors/train_scissors_00014_img424225_ann1995121.jpg,data/synthetic_controlnet/train/scissors/synthetic_scissors_00001.png,runwayml/stable-diffusion-v1-5,lllyasviel/sd-controlnet-canny,30043
synthetic_controlnet_canny,3,87,scissors,scissors,"a realistic high quality photo of scissors, centered object, natural lighting, detailed",data/crops/train/scissors/train_scissors_00058_img67765_ann1158706.jpg,data/synthetic_controlnet/train/scissors/synthetic_scissors_00002.png,runwayml/stable-diffusion-v1-5,lllyasviel/sd-controlnet-canny,30044
synthetic_controlnet_canny,3,87,scissors,scissors,"a realistic high quality photo of scissors, centered object, natural lighting, detailed",data/crops/train/scissors/train_scissors_00210_img299349_ann1995033.jpg,data/synthetic_controlnet/train/scissors/synthetic_scissors_00003.png,runwayml/stable-diffusion-v1-5,lllyasviel/sd-controlnet-canny,30045
synthetic_controlnet_canny,3,87,scissors,scissors,"a realistic high quality photo of scissors, centered object, natural lighting, detailed",data/crops/train/scissors/train_scissors_00008_img335914_ann1995236.jpg,data/synthetic_controlnet/train/scissors/synthetic_scissors_00004.png,runwayml/stable-diffusion-v1-5,lllyasviel/sd-controlnet-canny,30046
synthetic_controlnet_canny,3,87,scissors,scissors,"a realistic high quality photo of scissors, centered object, natural lighting, detailed",data/crops/train/scissors/train_scissors_00206_img305014_ann1158679.jpg,data/synthetic_controlnet/train/scissors/synthetic_scissors_00005.png,runwayml/stable-diffusion-v1-5,lllyasviel/sd-controlnet-canny,30047
synthetic_controlnet_canny,3,87,scissors,scissors,"a realistic high quality photo of scissors, centered object, natural lighting, detailed",data/crops/train/scissors/train_scissors_00080_img52030_ann1157691.jpg,data/synthetic_controlnet/train/scissors/synthetic_scissors_00006.png,runwayml/stable-diffusion-v1-5,lllyasviel/sd-controlnet-canny,30048
synthetic_controlnet_canny,3,87,scissors,scissors,"a realistic high quality photo of scissors, centered object, natural lighting, detailed",data/crops/train/scissors/train_scissors_00102_img8593_ann1158778.jpg,data/synthetic_controlnet/train/scissors/synthetic_scissors_00007.png,runwayml/stable-diffusion-v1-5,lllyasviel/sd-controlnet-canny,30049
synthetic_controlnet_canny,3,87,scissors,scissors,"a realistic high quality photo of scissors, centered object, natural lighting, detailed",data/crops/train/scissors/train_scissors_00068_img258071_ann1157662.jpg,data/synthetic_controlnet/train/scissors/synthetic_scissors_00008.png,runwayml/stable-diffusion-v1-5,lllyasviel/sd-controlnet-canny,30050
synthetic_controlnet_canny,3,87,scissors,scissors,"a realistic high quality photo of scissors, centered object, natural lighting, detailed",data/crops/train/scissors/train_scissors_00016_img443084_ann1672882.jpg,data/synthetic_controlnet/train/scissors/synthetic_scissors_00009.png,runwayml/stable-diffusion-v1-5,lllyasviel/sd-controlnet-canny,30051
synthetic_controlnet_canny,3,87,scissors,scissors,"a realistic high quality photo of scissors, centered object, natural lighting, detailed",data/crops/train/scissors/train_scissors_00054_img478812_ann1158592.jpg,data/synthetic_controlnet/train/scissors/synthetic_scissors_00010.png,runwayml/stable-diffusion-v1-5,lllyasviel/sd-controlnet-canny,30052
synthetic_controlnet_canny,3,87,scissors,scissors,"a realistic high quality photo of scissors, centered object, natural lighting, detailed",data/crops/train/scissors/train_scissors_00233_img144371_ann1157710.jpg,data/synthetic_controlnet/train/scissors/synthetic_scissors_00011.png,runwayml/stable-diffusion-v1-5,lllyasviel/sd-controlnet-canny,30053
synthetic_controlnet_canny,3,87,scissors,scissors,"a realistic high quality photo of scissors, centered object, natural lighting, detailed",data/crops/train/scissors/train_scissors_00241_img153573_ann1157944.jpg,data/synthetic_controlnet/train/scissors/synthetic_scissors_00012.png,runwayml/stable-diffusion-v1-5,lllyasviel/sd-controlnet-canny,30054
synthetic_controlnet_canny,3,87,scissors,scissors,"a realistic high quality photo of scissors, centered object, natural lighting, detailed",data/crops/train/scissors/train_scissors_00145_img435963_ann1158775.jpg,data/synthetic_controlnet/train/scissors/synthetic_scissors_00013.png,runwayml/stable-diffusion-v1-5,lllyasviel/sd-controlnet-canny,30055
synthetic_controlnet_canny,3,87,scissors,scissors,"a realistic high quality photo of scissors, centered object, natural lighting, detailed",data/crops/train/scissors/train_scissors_00224_img335914_ann1994885.jpg,data/synthetic_controlnet/train/scissors/synthetic_scissors_00014.png,runwayml/stable-diffusion-v1-5,lllyasviel/sd-controlnet-canny,30056
synthetic_controlnet_canny,3,87,scissors,scissors,"a realistic high quality photo of scissors, centered object, natural lighting, detailed",data/crops/train/scissors/train_scissors_00183_img89266_ann1672934.jpg,data/synthetic_controlnet/train/scissors/synthetic_scissors_00015.png,runwayml/stable-diffusion-v1-5,lllyasviel/sd-controlnet-canny,30057
synthetic_controlnet_canny,3,87,scissors,scissors,"a realistic high quality photo of scissors, centered object, natural lighting, detailed",data/crops/train/scissors/train_scissors_00080_img52030_ann1157691.jpg,data/synthetic_controlnet/train/scissors/synthetic_scissors_00016.png,runwayml/stable-diffusion-v1-5,lllyasviel/sd-controlnet-canny,30058
synthetic_controlnet_canny,3,87,scissors,scissors,"a realistic high quality photo of scissors, centered object, natural lighting, detailed",data/crops/train/scissors/train_scissors_00054_img478812_ann1158592.jpg,data/synthetic_controlnet/train/scissors/synthetic_scissors_00017.png,runwayml/stable-diffusion-v1-5,lllyasviel/sd-controlnet-canny,30059
synthetic_controlnet_canny,3,87,scissors,scissors,"a realistic high quality photo of scissors, centered object, natural lighting, detailed",data/crops/train/scissors/train_scissors_00167_img535898_ann1157870.jpg,data/synthetic_controlnet/train/scissors/synthetic_scissors_00018.png,runwayml/stable-diffusion-v1-5,lllyasviel/sd-controlnet-canny,30060
synthetic_controlnet_canny,3,87,scissors,scissors,"a realistic high quality photo of scissors, centered object, natural lighting, detailed",data/crops/train/scissors/train_scissors_00127_img576704_ann1158242.jpg,data/synthetic_controlnet/train/scissors/synthetic_scissors_00019.png,runwayml/stable-diffusion-v1-5,lllyasviel/sd-controlnet-canny,30061
synthetic_controlnet_canny,3,87,scissors,scissors,"a realistic high quality photo of scissors, centered object, natural lighting, detailed",data/crops/train/scissors/train_scissors_00101_img153202_ann1157891.jpg,data/synthetic_controlnet/train/scissors/synthetic_scissors_00020.png,runwayml/stable-diffusion-v1-5,lllyasviel/sd-controlnet-canny,30062
synthetic_controlnet_canny,3,87,scissors,scissors,"a realistic high quality photo of scissors, centered object, natural lighting, detailed",data/crops/train/scissors/train_scissors_00226_img509319_ann1672916.jpg,data/synthetic_controlnet/train/scissors/synthetic_scissors_00021.png,runwayml/stable-diffusion-v1-5,lllyasviel/sd-controlnet-canny,30063
synthetic_controlnet_canny,3,87,scissors,scissors,"a realistic high quality photo of scissors, centered object, natural lighting, detailed",data/crops/train/scissors/train_scissors_00234_img91318_ann1158149.jpg,data/synthetic_controlnet/train/scissors/synthetic_scissors_00022.png,runwayml/stable-diffusion-v1-5,lllyasviel/sd-controlnet-canny,30064
synthetic_controlnet_canny,3,87,scissors,scissors,"a realistic high quality photo of scissors, centered object, natural lighting, detailed",data/crops/train/scissors/train_scissors_00164_img399873_ann1157966.jpg,data/synthetic_controlnet/train/scissors/synthetic_scissors_00023.png,runwayml/stable-diffusion-v1-5,lllyasviel/sd-controlnet-canny,30065
synthetic_controlnet_canny,3,87,scissors,scissors,"a realistic high quality photo of scissors, centered object, natural lighting, detailed",data/crops/train/scissors/train_scissors_00117_img297359_ann1158584.jpg,data/synthetic_controlnet/train/scissors/synthetic_scissors_00024.png,runwayml/stable-diffusion-v1-5,lllyasviel/sd-controlnet-canny,30066
synthetic_controlnet_canny,3,87,scissors,scissors,"a realistic high quality photo of scissors, centered object, natural lighting, detailed",data/crops/train/scissors/train_scissors_00036_img518075_ann1994911.jpg,data/synthetic_controlnet/train/scissors/synthetic_scissors_00025.png,runwayml/stable-diffusion-v1-5,lllyasviel/sd-controlnet-canny,30067
synthetic_controlnet_canny,3,87,scissors,scissors,"a realistic high quality photo of scissors, centered object, natural lighting, detailed",data/crops/train/scissors/train_scissors_00067_img283448_ann1158135.jpg,data/synthetic_controlnet/train/scissors/synthetic_scissors_00026.png,runwayml/stable-diffusion-v1-5,lllyasviel/sd-controlnet-canny,30068
synthetic_controlnet_canny,3,87,scissors,scissors,"a realistic high quality photo of scissors, centered object, natural lighting, detailed",data/crops/train/scissors/train_scissors_00035_img456392_ann1672359.jpg,data/synthetic_controlnet/train/scissors/synthetic_scissors_00027.png,runwayml/stable-diffusion-v1-5,lllyasviel/sd-controlnet-canny,30069
synthetic_controlnet_canny,3,87,scissors,scissors,"a realistic high quality photo of scissors, centered object, natural lighting, detailed",data/crops/train/scissors/train_scissors_00063_img528161_ann1158508.jpg,data/synthetic_controlnet/train/scissors/synthetic_scissors_00028.png,runwayml/stable-diffusion-v1-5,lllyasviel/sd-controlnet-canny,30070
synthetic_controlnet_canny,3,87,scissors,scissors,"a realistic high quality photo of scissors, centered object, natural lighting, detailed",data/crops/train/scissors/train_scissors_00190_img275304_ann1672258.jpg,data/synthetic_controlnet/train/scissors/synthetic_scissors_00029.png,runwayml/stable-diffusion-v1-5,lllyasviel/sd-controlnet-canny,30071
synthetic_controlnet_canny,3,87,scissors,scissors,"a realistic high quality photo of scissors, centered object, natural lighting, detailed",data/crops/train/scissors/train_scissors_00143_img466586_ann1158808.jpg,data/synthetic_controlnet/train/scissors/synthetic_scissors_00030.png,runwayml/stable-diffusion-v1-5,lllyasviel/sd-controlnet-canny,30072
synthetic_controlnet_canny,3,87,scissors,scissors,"a realistic high quality photo of scissors, centered object, natural lighting, detailed",data/crops/train/scissors/train_scissors_00137_img248830_ann1158822.jpg,data/synthetic_controlnet/train/scissors/synthetic_scissors_00031.png,runwayml/stable-diffusion-v1-5,lllyasviel/sd-controlnet-canny,30073
synthetic_controlnet_canny,3,87,scissors,scissors,"a realistic high quality photo of scissors, centered object, natural lighting, detailed",data/crops/train/scissors/train_scissors_00067_img283448_ann1158135.jpg,data/synthetic_controlnet/train/scissors/synthetic_scissors_00032.png,runwayml/stable-diffusion-v1-5,lllyasviel/sd-controlnet-canny,30074
synthetic_controlnet_canny,3,87,scissors,scissors,"a realistic high quality photo of scissors, centered object, natural lighting, detailed",data/crops/train/scissors/train_scissors_00191_img137140_ann1158073.jpg,data/synthetic_controlnet/train/scissors/synthetic_scissors_00033.png,runwayml/stable-diffusion-v1-5,lllyasviel/sd-controlnet-canny,30075
synthetic_controlnet_canny,3,87,scissors,scissors,"a realistic high quality photo of scissors, centered object, natural lighting, detailed",data/crops/train/scissors/train_scissors_00149_img103612_ann1157687.jpg,data/synthetic_controlnet/train/scissors/synthetic_scissors_00034.png,runwayml/stable-diffusion-v1-5,lllyasviel/sd-controlnet-canny,30076
synthetic_controlnet_canny,3,87,scissors,scissors,"a realistic high quality photo of scissors, centered object, natural lighting, detailed",data/crops/train/scissors/train_scissors_00109_img561314_ann1158053.jpg,data/synthetic_controlnet/train/scissors/synthetic_scissors_00035.png,runwayml/stable-diffusion-v1-5,lllyasviel/sd-controlnet-canny,30077
synthetic_controlnet_canny,3,87,scissors,scissors,"a realistic high quality photo of scissors, centered object, natural lighting, detailed",data/crops/train/scissors/train_scissors_00229_img5113_ann1158514.jpg,data/synthetic_controlnet/train/scissors/synthetic_scissors_00036.png,runwayml/stable-diffusion-v1-5,lllyasviel/sd-controlnet-canny,30078
synthetic_controlnet_canny,3,87,scissors,scissors,"a realistic high quality photo of scissors, centered object, natural lighting, detailed",data/crops/train/scissors/train_scissors_00149_img103612_ann1157687.jpg,data/synthetic_controlnet/train/scissors/synthetic_scissors_00037.png,runwayml/stable-diffusion-v1-5,lllyasviel/sd-controlnet-canny,30079
synthetic_controlnet_canny,3,87,scissors,scissors,"a realistic high quality photo of scissors, centered object, natural lighting, detailed",data/crops/train/scissors/train_scissors_00102_img8593_ann1158778.jpg,data/synthetic_controlnet/train/scissors/synthetic_scissors_00038.png,runwayml/stable-diffusion-v1-5,lllyasviel/sd-controlnet-canny,30080
synthetic_controlnet_canny,3,87,scissors,scissors,"a realistic high quality photo of scissors, centered object, natural lighting, detailed",data/crops/train/scissors/train_scissors_00092_img99417_ann1157756.jpg,data/synthetic_controlnet/train/scissors/synthetic_scissors_00039.png,runwayml/stable-diffusion-v1-5,lllyasviel/sd-controlnet-canny,30081
